MICHEL A. LANDEROS MARTINEZ,400.0000000000000000
AMPARO MOLINA OBREGON ,500.0000000000000000
PEDRO SERRAT LOZANO,350.0000000000000000
FERNANDO CORONA MONDRAGON ,725.0000000000000000
